-- =============================================================================
-- SEED COMPLETO — 2 Negocios: Salón Elegancia + Barber King
-- =============================================================================
-- EJECUTAR EN EL SQL EDITOR DE SUPABASE
-- Todos los UUIDs usan solo caracteres hex (0-9 a-f)
-- =============================================================================

-- ============================================================
-- 1. USUARIOS (Auth)
-- ============================================================
insert into auth.users (id, instance_id, aud, role, email, encrypted_password, email_confirmed_at, confirmation_sent_at, raw_app_meta_data, raw_user_meta_data, created_at, updated_at)
values
('00000001-0000-0000-0000-000000000001', '00000000-0000-0000-0000-000000000000', 'authenticated', 'authenticated', 'admin@elegancia.com', crypt('Password123', gen_salt('bf')), now(), now(), '{"provider":"email","providers":["email"]}', '{}', now(), now()),
('00000001-0000-0000-0000-000000000002', '00000000-0000-0000-0000-000000000000', 'authenticated', 'authenticated', 'valentina@elegancia.com', crypt('Password123', gen_salt('bf')), now(), now(), '{"provider":"email","providers":["email"]}', '{}', now(), now()),
('00000001-0000-0000-0000-000000000003', '00000000-0000-0000-0000-000000000000', 'authenticated', 'authenticated', 'carlos@elegancia.com', crypt('Password123', gen_salt('bf')), now(), now(), '{"provider":"email","providers":["email"]}', '{}', now(), now()),
('00000002-0000-0000-0000-000000000001', '00000000-0000-0000-0000-000000000000', 'authenticated', 'authenticated', 'admin@barberking.com', crypt('Password123', gen_salt('bf')), now(), now(), '{"provider":"email","providers":["email"]}', '{}', now(), now()),
('00000002-0000-0000-0000-000000000002', '00000000-0000-0000-0000-000000000000', 'authenticated', 'authenticated', 'jorge@barberking.com', crypt('Password123', gen_salt('bf')), now(), now(), '{"provider":"email","providers":["email"]}', '{}', now(), now()),
('00000002-0000-0000-0000-000000000003', '00000000-0000-0000-0000-000000000000', 'authenticated', 'authenticated', 'pedro@barberking.com', crypt('Password123', gen_salt('bf')), now(), now(), '{"provider":"email","providers":["email"]}', '{}', now(), now())
on conflict (id) do nothing;

insert into auth.identities (id, user_id, identity_data, provider, provider_id, last_sign_in_at, created_at, updated_at)
values
('00000001-0000-0000-0000-000000000001', '00000001-0000-0000-0000-000000000001', jsonb_build_object('sub', '00000001-0000-0000-0000-000000000001', 'email', 'admin@elegancia.com'), 'email', 'admin@elegancia.com', now(), now(), now()),
('00000001-0000-0000-0000-000000000002', '00000001-0000-0000-0000-000000000002', jsonb_build_object('sub', '00000001-0000-0000-0000-000000000002', 'email', 'valentina@elegancia.com'), 'email', 'valentina@elegancia.com', now(), now(), now()),
('00000001-0000-0000-0000-000000000003', '00000001-0000-0000-0000-000000000003', jsonb_build_object('sub', '00000001-0000-0000-0000-000000000003', 'email', 'carlos@elegancia.com'), 'email', 'carlos@elegancia.com', now(), now(), now()),
('00000002-0000-0000-0000-000000000001', '00000002-0000-0000-0000-000000000001', jsonb_build_object('sub', '00000002-0000-0000-0000-000000000001', 'email', 'admin@barberking.com'), 'email', 'admin@barberking.com', now(), now(), now()),
('00000002-0000-0000-0000-000000000002', '00000002-0000-0000-0000-000000000002', jsonb_build_object('sub', '00000002-0000-0000-0000-000000000002', 'email', 'jorge@barberking.com'), 'email', 'jorge@barberking.com', now(), now(), now()),
('00000002-0000-0000-0000-000000000003', '00000002-0000-0000-0000-000000000003', jsonb_build_object('sub', '00000002-0000-0000-0000-000000000003', 'email', 'pedro@barberking.com'), 'email', 'pedro@barberking.com', now(), now(), now())
on conflict (id) do nothing;

-- ============================================================
-- 2. NEGOCIOS
-- ============================================================
insert into public.businesses (id, name, slug, phone, address, timezone, currency, ves_exchange_rate, niche_type, theme_config, terminology)
values
(
  '10000001-0000-0000-0000-000000000001',
  'Salón Elegancia',
  'elegancia',
  '+1 809 555 0101',
  'Calle Principal #42, Zona Colonial, Santo Domingo',
  'America/Santo_Domingo',
  'USD', 36.5000, 'salon',
  '{"primary":"#D4A5A5","secondary":"#8B5E5E","accent":"#F5E6E6","bg":"#FDF8F8"}'::jsonb,
  '{"client":"Cliente","employee":"Estilista","service":"Servicio","appointment":"Cita","staff":"Personal","pet":"","owner":"","breed":"","weight":"","vaccines":""}'::jsonb
),
(
  '10000002-0000-0000-0000-000000000001',
  'Barber King',
  'barber-king',
  '+1 809 555 0202',
  'Av. Independencia #123, Gazcue, Santo Domingo',
  'America/Santo_Domingo',
  'USD', 36.5000, 'barberia',
  '{"primary":"#1C1C1C","secondary":"#C9A84C","accent":"#2C2C2C","bg":"#F5F0EB"}'::jsonb,
  '{"client":"Cliente","employee":"Barbero","service":"Servicio","appointment":"Cita","staff":"Personal","pet":"","owner":"","breed":"","weight":"","vaccines":""}'::jsonb
)
on conflict (id) do update set
  name = excluded.name, phone = excluded.phone, address = excluded.address,
  niche_type = excluded.niche_type, theme_config = excluded.theme_config,
  terminology = excluded.terminology;

-- ============================================================
-- 3. PERFILES
-- ============================================================
insert into public.profiles (id, business_id, full_name, role, phone, job_title, pay_type, pay_percentage, base_salary, active)
values
-- Salón Elegancia
('00000001-0000-0000-0000-000000000001', '10000001-0000-0000-0000-000000000001', 'María Fernández', 'admin', '809-555-0100', 'Dueña & Estilista Senior', 'percentage', 60, 0, true),
('00000001-0000-0000-0000-000000000002', '10000001-0000-0000-0000-000000000001', 'Valentina Reyes', 'empleado', '809-555-0102', 'Estilista Profesional', 'percentage', 40, 0, true),
('00000001-0000-0000-0000-000000000003', '10000001-0000-0000-0000-000000000001', 'Carlos Méndez', 'empleado', '809-555-0103', 'Barbero / Estilista', 'percentage', 45, 0, true),
-- Barber King
('00000002-0000-0000-0000-000000000001', '10000002-0000-0000-0000-000000000001', 'Rafael Castillo', 'admin', '809-555-0200', 'Dueño & Maestro Barbero', 'percentage', 55, 0, true),
('00000002-0000-0000-0000-000000000002', '10000002-0000-0000-0000-000000000001', 'Jorge de la Cruz', 'empleado', '809-555-0202', 'Barbero Profesional', 'percentage', 40, 0, true),
('00000002-0000-0000-0000-000000000003', '10000002-0000-0000-0000-000000000001', 'Pedro Guzmán', 'empleado', '809-555-0203', 'Barbero / Shaver', 'percentage', 35, 0, true)
on conflict (id) do nothing;

-- ============================================================
-- 4. HORARIOS
-- ============================================================
insert into public.employee_schedules (employee_id, weekday, start_time, end_time)
values
('00000001-0000-0000-0000-000000000002', 1, '09:00', '13:00'),
('00000001-0000-0000-0000-000000000002', 1, '14:00', '19:00'),
('00000001-0000-0000-0000-000000000002', 2, '09:00', '13:00'),
('00000001-0000-0000-0000-000000000002', 2, '14:00', '19:00'),
('00000001-0000-0000-0000-000000000002', 3, '09:00', '13:00'),
('00000001-0000-0000-0000-000000000002', 3, '14:00', '19:00'),
('00000001-0000-0000-0000-000000000002', 4, '09:00', '13:00'),
('00000001-0000-0000-0000-000000000002', 4, '14:00', '19:00'),
('00000001-0000-0000-0000-000000000002', 5, '09:00', '13:00'),
('00000001-0000-0000-0000-000000000002', 5, '14:00', '19:00'),
('00000001-0000-0000-0000-000000000002', 6, '09:00', '14:00'),
('00000001-0000-0000-0000-000000000003', 2, '10:00', '14:00'),
('00000001-0000-0000-0000-000000000003', 2, '15:00', '20:00'),
('00000001-0000-0000-0000-000000000003', 3, '10:00', '14:00'),
('00000001-0000-0000-0000-000000000003', 3, '15:00', '20:00'),
('00000001-0000-0000-0000-000000000003', 4, '10:00', '14:00'),
('00000001-0000-0000-0000-000000000003', 4, '15:00', '20:00'),
('00000001-0000-0000-0000-000000000003', 5, '10:00', '14:00'),
('00000001-0000-0000-0000-000000000003', 5, '15:00', '20:00'),
('00000001-0000-0000-0000-000000000003', 6, '10:00', '14:00'),
('00000001-0000-0000-0000-000000000003', 6, '15:00', '19:00'),
('00000001-0000-0000-0000-000000000003', 0, '10:00', '16:00'),
('00000002-0000-0000-0000-000000000002', 1, '08:00', '12:00'),
('00000002-0000-0000-0000-000000000002', 1, '13:00', '18:00'),
('00000002-0000-0000-0000-000000000002', 2, '08:00', '12:00'),
('00000002-0000-0000-0000-000000000002', 2, '13:00', '18:00'),
('00000002-0000-0000-0000-000000000002', 3, '08:00', '12:00'),
('00000002-0000-0000-0000-000000000002', 3, '13:00', '18:00'),
('00000002-0000-0000-0000-000000000002', 4, '08:00', '12:00'),
('00000002-0000-0000-0000-000000000002', 4, '13:00', '18:00'),
('00000002-0000-0000-0000-000000000002', 5, '08:00', '12:00'),
('00000002-0000-0000-0000-000000000002', 5, '13:00', '17:00'),
('00000002-0000-0000-0000-000000000002', 6, '09:00', '14:00'),
('00000002-0000-0000-0000-000000000003', 2, '09:00', '13:00'),
('00000002-0000-0000-0000-000000000003', 2, '14:00', '19:00'),
('00000002-0000-0000-0000-000000000003', 3, '09:00', '13:00'),
('00000002-0000-0000-0000-000000000003', 3, '14:00', '19:00'),
('00000002-0000-0000-0000-000000000003', 4, '09:00', '13:00'),
('00000002-0000-0000-0000-000000000003', 4, '14:00', '19:00'),
('00000002-0000-0000-0000-000000000003', 5, '09:00', '13:00'),
('00000002-0000-0000-0000-000000000003', 5, '14:00', '19:00'),
('00000002-0000-0000-0000-000000000003', 6, '09:00', '14:00'),
('00000002-0000-0000-0000-000000000003', 0, '10:00', '16:00');

-- ============================================================
-- 5. CATEGORÍAS DE SERVICIOS
-- ============================================================
insert into public.service_categories (id, business_id, name, description)
values
('20000001-0000-0000-0000-000000000001', '10000001-0000-0000-0000-000000000001', 'Cortes y Peinados', 'Cortes de cabello para dama y caballero'),
('20000001-0000-0000-0000-000000000002', '10000001-0000-0000-0000-000000000001', 'Colorimetría', 'Tintes, mechas, balayage y decoloraciones'),
('20000001-0000-0000-0000-000000000003', '10000001-0000-0000-0000-000000000001', 'Tratamientos', 'Hidratación, queratina, botox capilar'),
('20000001-0000-0000-0000-000000000004', '10000001-0000-0000-0000-000000000001', 'Manicure & Pedicure', 'Uñas acrílicas, gelish, esmaltado'),
('20000002-0000-0000-0000-000000000001', '10000002-0000-0000-0000-000000000001', 'Cortes Clásicos', 'Cortes tradicionales y modernos'),
('20000002-0000-0000-0000-000000000002', '10000002-0000-0000-0000-000000000001', 'Afeitado & Barba', 'Afeitado clásico, diseño de barba'),
('20000002-0000-0000-0000-000000000003', '10000002-0000-0000-0000-000000000001', 'Tratamientos Capilares', 'Hidratación, keratina, anti-caída'),
('20000002-0000-0000-0000-000000000004', '10000002-0000-0000-0000-000000000001', 'Servicios Infantiles', 'Cortes para niños')
on conflict do nothing;

-- ============================================================
-- 6. SERVICIOS
-- ============================================================
insert into public.services (id, business_id, service_category_id, name, description, duration_minutes, price, local_percentage, color, category, icon)
values
-- Salón Elegancia
('30000001-0000-0000-0000-000000000001', '10000001-0000-0000-0000-000000000001', '20000001-0000-0000-0000-000000000001', 'Corte de Dama', 'Corte personalizado con lavado y styling', 45, 1200, 50, '#D4A5A5', 'corte', 'scissors'),
('30000001-0000-0000-0000-000000000002', '10000001-0000-0000-0000-000000000001', '20000001-0000-0000-0000-000000000001', 'Corte de Caballero', 'Corte moderno con máquina y tijera', 30, 600, 50, '#8B5E5E', 'corte', 'scissors'),
('30000001-0000-0000-0000-000000000003', '10000001-0000-0000-0000-000000000001', '20000001-0000-0000-0000-000000000001', 'Peinado de Fiesta', 'Recogidos, ondas, peinados para eventos', 60, 2500, 50, '#E8C4C4', 'peinado', 'sparkles'),
('30000001-0000-0000-0000-000000000004', '10000001-0000-0000-0000-000000000001', '20000001-0000-0000-0000-000000000001', 'Lavado y Soplo', 'Lavado con shampoo profesional + secado', 30, 500, 60, '#F0DCDC', 'peinado', 'wind'),
('30000001-0000-0000-0000-000000000005', '10000001-0000-0000-0000-000000000001', '20000001-0000-0000-0000-000000000002', 'Tinte Completo', 'Coloración completa con tintes profesionales', 120, 3500, 55, '#B36666', 'color', 'palette'),
('30000001-0000-0000-0000-000000000006', '10000001-0000-0000-0000-000000000001', '20000001-0000-0000-0000-000000000002', 'Balayage', 'Técnica de barrido francesa', 180, 5500, 55, '#9966CC', 'color', 'palette'),
('30000001-0000-0000-0000-000000000007', '10000001-0000-0000-0000-000000000001', '20000001-0000-0000-0000-000000000002', 'Mechas Californianas', 'Mechas degradado efecto sol', 150, 4500, 55, '#CC9966', 'color', 'palette'),
('30000001-0000-0000-0000-000000000008', '10000001-0000-0000-0000-000000000001', '20000001-0000-0000-0000-000000000002', 'Decoloración Global', 'Decoloración completa para rubios', 180, 4000, 50, '#E6CC99', 'color', 'zap'),
('30000001-0000-0000-0000-000000000009', '10000001-0000-0000-0000-000000000001', '20000001-0000-0000-0000-000000000003', 'Hidratación Profunda', 'Tratamiento hidratante con queratina', 45, 1800, 60, '#85C1E9', 'tratamiento', 'droplet'),
('30000001-0000-0000-0000-00000000000a', '10000001-0000-0000-0000-000000000001', '20000001-0000-0000-0000-000000000003', 'Botox Capilar', 'Tratamiento reconstructor de fibra capilar', 60, 3000, 55, '#73C6B6', 'tratamiento', 'droplet'),
('30000001-0000-0000-0000-00000000000b', '10000001-0000-0000-0000-000000000001', '20000001-0000-0000-0000-000000000003', 'Keratina Alisado', 'Alisado progresivo con keratina', 150, 6000, 50, '#BB8FCE', 'tratamiento', 'droplet'),
('30000001-0000-0000-0000-00000000000c', '10000001-0000-0000-0000-000000000001', '20000001-0000-0000-0000-000000000004', 'Manicure Clásico', 'Limpieza, limado y esmaltado de uñas', 40, 800, 40, '#F1948A', 'manicure', 'hand'),
('30000001-0000-0000-0000-00000000000d', '10000001-0000-0000-0000-000000000001', '20000001-0000-0000-0000-000000000004', 'Pedicure Clásico', 'Limpieza, cutículas y esmaltado de pies', 45, 1000, 40, '#F1948A', 'pedicure', 'foot'),
('30000001-0000-0000-0000-00000000000e', '10000001-0000-0000-0000-000000000001', '20000001-0000-0000-0000-000000000004', 'Uñas Acrílicas (juego)', 'Aplicación de uñas acrílicas esculpidas', 120, 2500, 45, '#D7BDE2', 'manicure', 'hand'),
('30000001-0000-0000-0000-00000000000f', '10000001-0000-0000-0000-000000000001', '20000001-0000-0000-0000-000000000004', 'Gelish', 'Esmaltado semipermanente con diseño', 60, 1500, 45, '#FADBD8', 'manicure', 'hand'),
-- Barber King
('30000002-0000-0000-0000-000000000001', '10000002-0000-0000-0000-000000000001', '20000002-0000-0000-0000-000000000001', 'Corte Degradado (Fade)', 'Corte fade con máquina y tijera', 45, 800, 50, '#1C1C1C', 'corte', 'scissors'),
('30000002-0000-0000-0000-000000000002', '10000002-0000-0000-0000-000000000001', '20000002-0000-0000-0000-000000000001', 'Corte Tijera Clásico', 'Corte tradicional solo a tijera', 40, 700, 50, '#333333', 'corte', 'scissors'),
('30000002-0000-0000-0000-000000000003', '10000002-0000-0000-0000-000000000001', '20000002-0000-0000-0000-000000000001', 'Corte con Máquina', 'Corte rápido con máquina', 25, 400, 50, '#4A4A4A', 'corte', 'scissors'),
('30000002-0000-0000-0000-000000000004', '10000002-0000-0000-0000-000000000001', '20000002-0000-0000-0000-000000000001', 'Diseño y Líneas', 'Diseños personalizados con máquina', 30, 500, 50, '#666666', 'corte', 'zap'),
('30000002-0000-0000-0000-000000000005', '10000002-0000-0000-0000-000000000001', '20000002-0000-0000-0000-000000000002', 'Afeitado Clásico Navaja', 'Afeitado tradicional con toalla caliente', 45, 1000, 55, '#C9A84C', 'afeitado', 'sparkles'),
('30000002-0000-0000-0000-000000000006', '10000002-0000-0000-0000-000000000001', '20000002-0000-0000-0000-000000000002', 'Arreglo de Barba', 'Perfilado y recorte de barba', 20, 400, 50, '#C9A84C', 'afeitado', 'sparkles'),
('30000002-0000-0000-0000-000000000007', '10000002-0000-0000-0000-000000000001', '20000002-0000-0000-0000-000000000002', 'Barba + Bigote Completo', 'Arreglo completo de barba y bigote', 35, 700, 55, '#C9A84C', 'afeitado', 'sparkles'),
('30000002-0000-0000-0000-000000000008', '10000002-0000-0000-0000-000000000001', '20000002-0000-0000-0000-000000000003', 'Hidratación Capilar', 'Tratamiento hidratante para cabello', 30, 600, 60, '#85C1E9', 'tratamiento', 'droplet'),
('30000002-0000-0000-0000-000000000009', '10000002-0000-0000-0000-000000000001', '20000002-0000-0000-0000-000000000003', 'Anti-caída Premium', 'Tratamiento contra caída del cabello', 45, 1500, 55, '#73C6B6', 'tratamiento', 'droplet'),
('30000002-0000-0000-0000-00000000000a', '10000002-0000-0000-0000-000000000001', '20000002-0000-0000-0000-000000000004', 'Corte Infantil', 'Corte divertido para niños', 20, 350, 50, '#F1948A', 'corte', 'smile'),
('30000002-0000-0000-0000-00000000000b', '10000002-0000-0000-0000-000000000001', '20000002-0000-0000-0000-000000000004', 'Primer Corte (certificado)', 'Primer corte con certificado de recuerdo', 30, 500, 50, '#F1948A', 'corte', 'award')
on conflict do nothing;

-- ============================================================
-- 7. VARIANTES DE SERVICIOS
-- ============================================================
insert into public.service_variants (id, business_id, service_id, name, description, duration_minutes, price)
values
('40000001-0000-0000-0000-000000000001', '10000001-0000-0000-0000-000000000001', '30000001-0000-0000-0000-000000000005', 'Cabello Corto', 'Tinte para cabello hasta los hombros', 90, 2500),
('40000001-0000-0000-0000-000000000002', '10000001-0000-0000-0000-000000000001', '30000001-0000-0000-0000-000000000005', 'Cabello Largo', 'Tinte para cabello largo', 150, 4500),
('40000002-0000-0000-0000-000000000001', '10000002-0000-0000-0000-000000000001', '30000002-0000-0000-0000-000000000001', 'Fade + Textura', 'Degradado con texturizado', 50, 1000)
on conflict do nothing;

-- ============================================================
-- 8. EMPLOYEE_SERVICES
-- ============================================================
insert into public.employee_services (employee_id, service_id)
values
('00000001-0000-0000-0000-000000000002', '30000001-0000-0000-0000-000000000001'),
('00000001-0000-0000-0000-000000000002', '30000001-0000-0000-0000-000000000003'),
('00000001-0000-0000-0000-000000000002', '30000001-0000-0000-0000-000000000004'),
('00000001-0000-0000-0000-000000000002', '30000001-0000-0000-0000-000000000005'),
('00000001-0000-0000-0000-000000000002', '30000001-0000-0000-0000-000000000006'),
('00000001-0000-0000-0000-000000000002', '30000001-0000-0000-0000-000000000007'),
('00000001-0000-0000-0000-000000000002', '30000001-0000-0000-0000-000000000008'),
('00000001-0000-0000-0000-000000000002', '30000001-0000-0000-0000-000000000009'),
('00000001-0000-0000-0000-000000000002', '30000001-0000-0000-0000-00000000000a'),
('00000001-0000-0000-0000-000000000002', '30000001-0000-0000-0000-00000000000b'),
('00000001-0000-0000-0000-000000000003', '30000001-0000-0000-0000-000000000001'),
('00000001-0000-0000-0000-000000000003', '30000001-0000-0000-0000-000000000002'),
('00000001-0000-0000-0000-000000000003', '30000001-0000-0000-0000-000000000004'),
('00000001-0000-0000-0000-000000000003', '30000001-0000-0000-0000-000000000005'),
('00000001-0000-0000-0000-000000000003', '30000001-0000-0000-0000-000000000009'),
('00000002-0000-0000-0000-000000000002', '30000002-0000-0000-0000-000000000001'),
('00000002-0000-0000-0000-000000000002', '30000002-0000-0000-0000-000000000002'),
('00000002-0000-0000-0000-000000000002', '30000002-0000-0000-0000-000000000003'),
('00000002-0000-0000-0000-000000000002', '30000002-0000-0000-0000-000000000004'),
('00000002-0000-0000-0000-000000000002', '30000002-0000-0000-0000-000000000005'),
('00000002-0000-0000-0000-000000000002', '30000002-0000-0000-0000-000000000006'),
('00000002-0000-0000-0000-000000000002', '30000002-0000-0000-0000-000000000007'),
('00000002-0000-0000-0000-000000000002', '30000002-0000-0000-0000-000000000008'),
('00000002-0000-0000-0000-000000000002', '30000002-0000-0000-0000-000000000009'),
('00000002-0000-0000-0000-000000000002', '30000002-0000-0000-0000-00000000000a'),
('00000002-0000-0000-0000-000000000002', '30000002-0000-0000-0000-00000000000b'),
('00000002-0000-0000-0000-000000000003', '30000002-0000-0000-0000-000000000001'),
('00000002-0000-0000-0000-000000000003', '30000002-0000-0000-0000-000000000003'),
('00000002-0000-0000-0000-000000000003', '30000002-0000-0000-0000-000000000004'),
('00000002-0000-0000-0000-000000000003', '30000002-0000-0000-0000-000000000006'),
('00000002-0000-0000-0000-000000000003', '30000002-0000-0000-0000-000000000007'),
('00000002-0000-0000-0000-000000000003', '30000002-0000-0000-0000-00000000000a'),
('00000002-0000-0000-0000-000000000003', '30000002-0000-0000-0000-00000000000b')
on conflict do nothing;

-- ============================================================
-- 9. CLIENTES
-- ============================================================
insert into public.clients (id, business_id, full_name, phone, email, notes, birthday, metadata)
values
('50000001-0000-0000-0000-000000000001', '10000001-0000-0000-0000-000000000001', 'Ana Martínez', '809-111-0001', 'ana.m@example.com', 'Cliente fiel desde 2023. Prefiere cita con Valentina.', '1990-03-15', '{"tipo_cabello":"Ondulado","alergias":"Ninguna","bebida_favorita":"Café","vip":true,"frecuencia":"quincenal"}'),
('50000001-0000-0000-0000-000000000002', '10000001-0000-0000-0000-000000000001', 'Carolina Solano', '809-111-0002', 'caro.solano@example.com', 'Le gusta probar nuevos tratamientos.', '1985-07-22', '{"tipo_cabello":"Liso","es_vip":true,"alergias":"Latex","color_favorito":"Rojo"}'),
('50000001-0000-0000-0000-000000000003', '10000001-0000-0000-0000-000000000001', 'Sofía Hernández', '809-111-0003', 'sofia.h@example.com', 'Siempre pide cita con Carlos.', '1995-11-08', '{"tipo_cabello":"Rizado","alergias":"Ninguna","instagram":"@sofia_hair"}'),
('50000001-0000-0000-0000-000000000004', '10000001-0000-0000-0000-000000000001', 'Laura Castillo', '809-111-0004', NULL, NULL, '2000-05-30', '{"tipo_cabello":"Lacio","es_vip":false,"referido_por":"Ana"}'),
('50000001-0000-0000-0000-000000000005', '10000001-0000-0000-0000-000000000001', 'Marta Jiménez', '809-111-0005', 'mjimenez@example.com', 'Viene cada 2 semanas para manicure.', '1978-09-12', '{"tipo_cabello":"Teñido","alergias":"Perfumes","servicio_favorito":"Manicure"}'),
('50000001-0000-0000-0000-000000000006', '10000001-0000-0000-0000-000000000001', 'Ricardo Peña', '809-111-0006', 'rpena@example.com', 'Cliente de cortes de caballero.', '1982-01-25', '{"tipo_cabello":"Corto","frecuencia":"mensual","barbero_preferido":"Carlos"}'),
('50000001-0000-0000-0000-000000000007', '10000001-0000-0000-0000-000000000001', 'Elena Vargas', '809-111-0007', 'elena.v@example.com', 'Siempre pide balayage.', '1992-06-18', '{"tipo_cabello":"Largo","vip":true,"instagram":"@elenavargas"}'),
('50000001-0000-0000-0000-000000000008', '10000001-0000-0000-0000-000000000001', 'Pedro Ramírez', '809-111-0008', NULL, NULL, '1998-12-03', '{"tipo_cabello":"Crespo","frecuencia":"mensual"}'),
('50000002-0000-0000-0000-000000000001', '10000002-0000-0000-0000-000000000001', 'Miguel Torres', '809-222-0001', 'mtorres@example.com', 'Cliente habitual, siempre pide fade con Jorge.', '1991-04-10', '{"estilo":"Fade","frecuencia":"quincenal","barbero_preferido":"Jorge","vip":true}'),
('50000002-0000-0000-0000-000000000002', '10000002-0000-0000-0000-000000000001', 'Andrés Pérez', '809-222-0002', 'aperez@example.com', 'Le gusta el afeitado clásico con navaja.', '1987-08-05', '{"estilo":"Barba completa","frecuencia":"semanal","barbero_preferido":"Pedro"}'),
('50000002-0000-0000-0000-000000000003', '10000002-0000-0000-0000-000000000001', 'Luis Gómez', '809-222-0003', 'lgomez@example.com', 'Viene con su hijo para cortes infantiles.', '1980-02-14', '{"estilo":"Corte clásico","hijo":true,"nombre_hijo":"Mateo"}'),
('50000002-0000-0000-0000-000000000004', '10000002-0000-0000-0000-000000000001', 'José Rodríguez', '809-222-0004', 'jrodriguez@example.com', 'Solicita diseño de líneas.', '2002-11-28', '{"estilo":"Diseños","instagram":"@joser_design","frecuencia":"mensual"}'),
('50000002-0000-0000-0000-000000000005', '10000002-0000-0000-0000-000000000001', 'Francisco Díaz', '809-222-0005', NULL, 'Prefiere llegar sin cita.', '1975-06-30', '{"estilo":"Rapado","frecuencia":"semanal"}'),
('50000002-0000-0000-0000-000000000006', '10000002-0000-0000-0000-000000000001', 'David Santos', '809-222-0006', 'dsantos@example.com', 'Tratamiento anti-caída mensual.', '1994-09-17', '{"estilo":"Medio","tratamiento":"Anti-caída","vip":true}'),
('50000002-0000-0000-0000-000000000007', '10000002-0000-0000-0000-000000000001', 'Mateo Gómez', '809-222-0007', NULL, 'Hijo de Luis Gómez. Siempre sonríe.', '2018-07-12', '{"estilo":"Infantil","edad":7,"padre":"Luis Gómez"}')
on conflict do nothing;

-- ============================================================
-- 10. CLIENT PREFERRED SERVICES
-- ============================================================
insert into public.client_preferred_services (client_id, service_id)
values
('50000001-0000-0000-0000-000000000001', '30000001-0000-0000-0000-000000000001'),
('50000001-0000-0000-0000-000000000002', '30000001-0000-0000-0000-000000000006'),
('50000001-0000-0000-0000-000000000003', '30000001-0000-0000-0000-000000000001'),
('50000001-0000-0000-0000-000000000005', '30000001-0000-0000-0000-00000000000c'),
('50000001-0000-0000-0000-000000000005', '30000001-0000-0000-0000-00000000000d'),
('50000001-0000-0000-0000-000000000006', '30000001-0000-0000-0000-000000000002'),
('50000001-0000-0000-0000-000000000007', '30000001-0000-0000-0000-000000000006'),
('50000002-0000-0000-0000-000000000001', '30000002-0000-0000-0000-000000000001'),
('50000002-0000-0000-0000-000000000002', '30000002-0000-0000-0000-000000000005'),
('50000002-0000-0000-0000-000000000003', '30000002-0000-0000-0000-000000000001'),
('50000002-0000-0000-0000-000000000004', '30000002-0000-0000-0000-000000000004'),
('50000002-0000-0000-0000-000000000006', '30000002-0000-0000-0000-000000000009'),
('50000002-0000-0000-0000-000000000007', '30000002-0000-0000-0000-00000000000b')
on conflict do nothing;

-- ============================================================
-- 11. CITAS
-- ============================================================
insert into public.appointments (id, business_id, client_id, employee_id, service_id, start_time, end_time, status, payment_status, source, internal_notes)
values
-- Salón — Pasadas
('60000001-0000-0000-0000-000000000001', '10000001-0000-0000-0000-000000000001', '50000001-0000-0000-0000-000000000001', '00000001-0000-0000-0000-000000000002', '30000001-0000-0000-0000-000000000001', now() - interval '5 days', now() - interval '5 days' + interval '45 minutes', 'completed', 'paid', 'internal', 'Corte capas largas. Quedó encantada.'),
('60000001-0000-0000-0000-000000000002', '10000001-0000-0000-0000-000000000001', '50000001-0000-0000-0000-000000000002', '00000001-0000-0000-0000-000000000002', '30000001-0000-0000-0000-000000000006', now() - interval '4 days', now() - interval '4 days' + interval '180 minutes', 'completed', 'paid', 'internal', 'Balayage tonos miel.'),
('60000001-0000-0000-0000-000000000003', '10000001-0000-0000-0000-000000000001', '50000001-0000-0000-0000-000000000005', '00000001-0000-0000-0000-000000000002', '30000001-0000-0000-0000-00000000000c', now() - interval '3 days', now() - interval '3 days' + interval '40 minutes', 'completed', 'paid', 'internal', 'Manicure color rojo.'),
('60000001-0000-0000-0000-000000000004', '10000001-0000-0000-0000-000000000001', '50000001-0000-0000-0000-000000000003', '00000001-0000-0000-0000-000000000003', '30000001-0000-0000-0000-000000000001', now() - interval '2 days', now() - interval '2 days' + interval '45 minutes', 'completed', 'paid', 'internal', NULL),
('60000001-0000-0000-0000-000000000005', '10000001-0000-0000-0000-000000000001', '50000001-0000-0000-0000-000000000006', '00000001-0000-0000-0000-000000000003', '30000001-0000-0000-0000-000000000002', now() - interval '1 day', now() - interval '1 day' + interval '30 minutes', 'completed', 'paid', 'internal', 'Corte degradado.'),
-- Salón — Hoy / Próximas
('60000001-0000-0000-0000-000000000006', '10000001-0000-0000-0000-000000000001', '50000001-0000-0000-0000-000000000007', '00000001-0000-0000-0000-000000000002', '30000001-0000-0000-0000-000000000007', now() + interval '1 hour', now() + interval '1 hour' + interval '150 minutes', 'confirmed', 'unpaid', 'internal', 'Mechas californianas.'),
('60000001-0000-0000-0000-000000000007', '10000001-0000-0000-0000-000000000001', '50000001-0000-0000-0000-000000000004', '00000001-0000-0000-0000-000000000003', '30000001-0000-0000-0000-000000000004', now() + interval '3 hours', now() + interval '3 hours' + interval '30 minutes', 'confirmed', 'unpaid', 'internal', NULL),
('60000001-0000-0000-0000-000000000008', '10000001-0000-0000-0000-000000000001', '50000001-0000-0000-0000-000000000001', '00000001-0000-0000-0000-000000000002', '30000001-0000-0000-0000-00000000000a', now() + interval '2 days', now() + interval '2 days' + interval '60 minutes', 'confirmed', 'unpaid', 'internal', 'Botox capilar.'),
('60000001-0000-0000-0000-000000000009', '10000001-0000-0000-0000-000000000001', '50000001-0000-0000-0000-000000000002', '00000001-0000-0000-0000-000000000002', '30000001-0000-0000-0000-000000000008', now() + interval '3 days', now() + interval '3 days' + interval '180 minutes', 'confirmed', 'unpaid', 'internal', 'Decoloración completa.'),
('60000001-0000-0000-0000-00000000000a', '10000001-0000-0000-0000-000000000001', '50000001-0000-0000-0000-000000000008', '00000001-0000-0000-0000-000000000003', '30000001-0000-0000-0000-000000000002', now() + interval '4 days', now() + interval '4 days' + interval '30 minutes', 'pending', 'unpaid', 'internal', 'Nuevo cliente.'),
('60000001-0000-0000-0000-00000000000b', '10000001-0000-0000-0000-000000000001', '50000001-0000-0000-0000-000000000005', '00000001-0000-0000-0000-000000000002', '30000001-0000-0000-0000-00000000000f', now() - interval '1 day', now() - interval '1 day' + interval '60 minutes', 'cancelled', 'unpaid', 'internal', 'Canceló por emergencia.'),
-- Barber King — Pasadas
('60000002-0000-0000-0000-000000000001', '10000002-0000-0000-0000-000000000001', '50000002-0000-0000-0000-000000000001', '00000002-0000-0000-0000-000000000002', '30000002-0000-0000-0000-000000000001', now() - interval '6 days', now() - interval '6 days' + interval '45 minutes', 'completed', 'paid', 'internal', 'Fade mid + diseño ceja.'),
('60000002-0000-0000-0000-000000000002', '10000002-0000-0000-0000-000000000001', '50000002-0000-0000-0000-000000000002', '00000002-0000-0000-0000-000000000003', '30000002-0000-0000-0000-000000000005', now() - interval '4 days', now() - interval '4 days' + interval '45 minutes', 'completed', 'paid', 'internal', 'Afeitado clásico con toalla caliente.'),
('60000002-0000-0000-0000-000000000003', '10000002-0000-0000-0000-000000000001', '50000002-0000-0000-0000-000000000003', '00000002-0000-0000-0000-000000000002', '30000002-0000-0000-0000-000000000001', now() - interval '3 days', now() - interval '3 days' + interval '45 minutes', 'completed', 'paid', 'internal', NULL),
('60000002-0000-0000-0000-000000000004', '10000002-0000-0000-0000-000000000001', '50000002-0000-0000-0000-000000000004', '00000002-0000-0000-0000-000000000002', '30000002-0000-0000-0000-000000000004', now() - interval '2 days', now() - interval '2 days' + interval '30 minutes', 'completed', 'paid', 'internal', 'Diseño líneas tribales.'),
('60000002-0000-0000-0000-000000000005', '10000002-0000-0000-0000-000000000001', '50000002-0000-0000-0000-000000000006', '00000002-0000-0000-0000-000000000003', '30000002-0000-0000-0000-000000000009', now() - interval '1 day', now() - interval '1 day' + interval '45 minutes', 'completed', 'paid', 'internal', 'Anti-caída sesión 3 de 6.'),
-- Barber King — Hoy / Próximas
('60000002-0000-0000-0000-000000000006', '10000002-0000-0000-0000-000000000001', '50000002-0000-0000-0000-000000000001', '00000002-0000-0000-0000-000000000002', '30000002-0000-0000-0000-000000000001', now() + interval '2 hours', now() + interval '2 hours' + interval '45 minutes', 'confirmed', 'unpaid', 'internal', 'Fade regular + barba.'),
('60000002-0000-0000-0000-000000000007', '10000002-0000-0000-0000-000000000001', '50000002-0000-0000-0000-000000000003', '00000002-0000-0000-0000-000000000002', '30000002-0000-0000-0000-000000000001', now() + interval '1 day', now() + interval '1 day' + interval '45 minutes', 'confirmed', 'unpaid', 'internal', 'Corte + arreglo barba.'),
('60000002-0000-0000-0000-000000000008', '10000002-0000-0000-0000-000000000001', '50000002-0000-0000-0000-000000000005', '00000002-0000-0000-0000-000000000003', '30000002-0000-0000-0000-000000000003', now() + interval '2 days', now() + interval '2 days' + interval '25 minutes', 'confirmed', 'unpaid', 'internal', 'Rapado + máquina.'),
('60000002-0000-0000-0000-000000000009', '10000002-0000-0000-0000-000000000001', '50000002-0000-0000-0000-000000000007', '00000002-0000-0000-0000-000000000003', '30000002-0000-0000-0000-00000000000b', now() + interval '3 days', now() + interval '3 days' + interval '30 minutes', 'pending', 'unpaid', 'internal', 'Primer corte de Mateo.'),
('60000002-0000-0000-0000-00000000000a', '10000002-0000-0000-0000-000000000001', '50000002-0000-0000-0000-000000000006', '00000002-0000-0000-0000-000000000003', '30000002-0000-0000-0000-000000000009', now() + interval '5 days', now() + interval '5 days' + interval '45 minutes', 'confirmed', 'unpaid', 'internal', 'Sesión 4 anti-caída.')
on conflict do nothing;

-- ============================================================
-- 12. TRANSACCIONES
-- ============================================================
insert into public.transactions (id, business_id, appointment_id, total_amount, local_amount, employee_amount, local_percentage, employee_percentage, method, exchange_rate_used, paid_at, created_by, notes)
values
('70000001-0000-0000-0000-000000000001', '10000001-0000-0000-0000-000000000001', '60000001-0000-0000-0000-000000000001', 1200, 600, 600, 50, 50, 'card', 36.5000, now() - interval '5 days', '00000001-0000-0000-0000-000000000001', 'Corte de dama - pagado con tarjeta'),
('70000001-0000-0000-0000-000000000002', '10000001-0000-0000-0000-000000000001', '60000001-0000-0000-0000-000000000002', 5500, 3025, 2475, 55, 45, 'transfer', 36.5000, now() - interval '4 days', '00000001-0000-0000-0000-000000000001', 'Balayage - transferencia'),
('70000001-0000-0000-0000-000000000003', '10000001-0000-0000-0000-000000000001', '60000001-0000-0000-0000-000000000003', 800, 320, 480, 40, 60, 'cash', 36.5000, now() - interval '3 days', '00000001-0000-0000-0000-000000000001', 'Manicure - efectivo'),
('70000001-0000-0000-0000-000000000004', '10000001-0000-0000-0000-000000000001', '60000001-0000-0000-0000-000000000004', 1200, 600, 600, 50, 50, 'cash', 36.5000, now() - interval '2 days', '00000001-0000-0000-0000-000000000001', 'Corte de dama - efectivo'),
('70000001-0000-0000-0000-000000000005', '10000001-0000-0000-0000-000000000001', '60000001-0000-0000-0000-000000000005', 600, 300, 300, 50, 50, 'zelle', 36.5000, now() - interval '1 day', '00000001-0000-0000-0000-000000000001', 'Corte caballero - Zelle'),
('70000002-0000-0000-0000-000000000001', '10000002-0000-0000-0000-000000000001', '60000002-0000-0000-0000-000000000001', 800, 400, 400, 50, 50, 'cash', 36.5000, now() - interval '6 days', '00000002-0000-0000-0000-000000000001', 'Fade mid - efectivo'),
('70000002-0000-0000-0000-000000000002', '10000002-0000-0000-0000-000000000001', '60000002-0000-0000-0000-000000000002', 1000, 550, 450, 55, 45, 'card', 36.5000, now() - interval '4 days', '00000002-0000-0000-0000-000000000001', 'Afeitado clásico - tarjeta'),
('70000002-0000-0000-0000-000000000003', '10000002-0000-0000-0000-000000000001', '60000002-0000-0000-0000-000000000003', 800, 400, 400, 50, 50, 'cash', 36.5000, now() - interval '3 days', '00000002-0000-0000-0000-000000000001', 'Corte Luis - efectivo'),
('70000002-0000-0000-0000-000000000004', '10000002-0000-0000-0000-000000000001', '60000002-0000-0000-0000-000000000004', 500, 250, 250, 50, 50, 'transfer', 36.5000, now() - interval '2 days', '00000002-0000-0000-0000-000000000001', 'Diseño líneas - transferencia'),
('70000002-0000-0000-0000-000000000005', '10000002-0000-0000-0000-000000000001', '60000002-0000-0000-0000-000000000005', 1500, 825, 675, 55, 45, 'mixed', 36.5000, now() - interval '1 day', '00000002-0000-0000-0000-000000000001', 'Anti-caída - pago mixto')
on conflict do nothing;

-- ============================================================
-- 13. GASTOS
-- ============================================================
insert into public.expenses (id, business_id, name, category, amount, expense_date, notes, created_by)
values
('80000001-0000-0000-0000-000000000001', '10000001-0000-0000-0000-000000000001', 'Compra de Toallas Profesionales', 'supplies', 2500, current_date - 3, '12 toallas de microfibra blancas', '00000001-0000-0000-0000-000000000001'),
('80000001-0000-0000-0000-000000000002', '10000001-0000-0000-0000-000000000001', 'Tintes Wella (surtido)', 'supplies', 8500, current_date - 5, 'Pedido mensual de colorimetría', '00000001-0000-0000-0000-000000000001'),
('80000001-0000-0000-0000-000000000003', '10000001-0000-0000-0000-000000000001', 'Pago de Electricidad', 'utilities', 4200, current_date - 2, 'Factura del mes', '00000001-0000-0000-0000-000000000001'),
('80000001-0000-0000-0000-000000000004', '10000001-0000-0000-0000-000000000001', 'Agua Potable', 'utilities', 1200, current_date - 2, 'Factura mensual', '00000001-0000-0000-0000-000000000001'),
('80000001-0000-0000-0000-000000000005', '10000001-0000-0000-0000-000000000001', 'Café y Snacks para cliente VIP', 'general', 800, current_date - 1, 'Café premium y galletas', '00000001-0000-0000-0000-000000000001'),
('80000002-0000-0000-0000-000000000001', '10000002-0000-0000-0000-000000000001', 'Cuchillas Profesionales (pack)', 'supplies', 3200, current_date - 4, 'Pack 24 cuchillas Feather', '00000002-0000-0000-0000-000000000001'),
('80000002-0000-0000-0000-000000000002', '10000002-0000-0000-0000-000000000001', 'Pomadas y Ceritas', 'supplies', 4500, current_date - 6, 'Surtido de productos para barba', '00000002-0000-0000-0000-000000000001'),
('80000002-0000-0000-0000-000000000003', '10000002-0000-0000-0000-000000000001', 'Alquiler Local', 'rent', 15000, current_date - 1, 'Renta mensual del local', '00000002-0000-0000-0000-000000000001'),
('80000002-0000-0000-0000-000000000004', '10000002-0000-0000-0000-000000000001', 'Internet + Cable', 'utilities', 2500, current_date - 1, 'Plan fibra óptica', '00000002-0000-0000-0000-000000000001')
on conflict do nothing;

-- ============================================================
-- 14. AUSENCIAS
-- ============================================================
insert into public.employee_absences (id, business_id, employee_id, type, starts_at, ends_at, reason, created_by)
values
('90000001-0000-0000-0000-000000000001', '10000001-0000-0000-0000-000000000001', '00000001-0000-0000-0000-000000000002', 'personal', now() + interval '10 days', now() + interval '11 days', 'Cita médica', '00000001-0000-0000-0000-000000000001'),
('90000002-0000-0000-0000-000000000001', '10000002-0000-0000-0000-000000000001', '00000002-0000-0000-0000-000000000003', 'vacation', now() + interval '7 days', now() + interval '14 days', 'Vacaciones familiares', '00000002-0000-0000-0000-000000000001')
on conflict do nothing;

-- ============================================================
-- 15. CATEGORÍAS DE PRODUCTOS
-- ============================================================
insert into public.product_categories (id, business_id, name, description)
values
('a0000001-0000-0000-0000-000000000001', '10000001-0000-0000-0000-000000000001', 'Shampoos y Acondicionadores', 'Productos para lavado profesional'),
('a0000001-0000-0000-0000-000000000002', '10000001-0000-0000-0000-000000000001', 'Tratamientos Capilares', 'Mascarillas, ampollas, keratina'),
('a0000001-0000-0000-0000-000000000003', '10000001-0000-0000-0000-000000000001', 'Colorimetría', 'Tintes, decolorantes, oxidantes'),
('a0000001-0000-0000-0000-000000000004', '10000001-0000-0000-0000-000000000001', 'Uñas y Accesorios', 'Esmaltes, acrílicos, herramientas'),
('a0000002-0000-0000-0000-000000000001', '10000002-0000-0000-0000-000000000001', 'Pomadas y Ceritas', 'Productos para peinado masculino'),
('a0000002-0000-0000-0000-000000000002', '10000002-0000-0000-0000-000000000001', 'Afeitado', 'Cuchillas, cremas, after-shave'),
('a0000002-0000-0000-0000-000000000003', '10000002-0000-0000-0000-000000000001', 'Tratamientos', 'Anti-caída, shampoo especializado')
on conflict do nothing;

-- ============================================================
-- 16. PRODUCTOS
-- ============================================================
insert into public.products (id, business_id, category_id, name, description, sku, unit, unit_cost, unit_price, reorder_point)
values
('b0000001-0000-0000-0000-000000000001', '10000001-0000-0000-0000-000000000001', 'a0000001-0000-0000-0000-000000000001', 'Shampoo Kérastase Nutritive', 'Shampoo nutritivo para cabello seco', 'KER-NUT-250', 'botella', 850, 1800, 5),
('b0000001-0000-0000-0000-000000000002', '10000001-0000-0000-0000-000000000001', 'a0000001-0000-0000-0000-000000000001', 'Acondicionador Redken Extreme', 'Acondicionador reconstructor', 'RDK-EXT-250', 'botella', 720, 1500, 5),
('b0000001-0000-0000-0000-000000000003', '10000001-0000-0000-0000-000000000001', 'a0000001-0000-0000-0000-000000000002', 'Mascarilla Hidratante Moroccanoil', 'Mascarilla reparadora 200ml', 'MOR-HID-200', 'unidad', 1200, 2500, 3),
('b0000001-0000-0000-0000-000000000004', '10000001-0000-0000-0000-000000000001', 'a0000001-0000-0000-0000-000000000002', 'Keratina Alisado Pro (1L)', 'Keratina líquida para alisado progresivo', 'KER-PRO-1L', 'botella', 2500, 5000, 2),
('b0000001-0000-0000-0000-000000000005', '10000001-0000-0000-0000-000000000001', 'a0000001-0000-0000-0000-000000000002', 'Ampolla Anti-caída Nioxin', 'Tratamiento intensivo 12 ampollas', 'NIO-ANT-12', 'caja', 1800, 3500, 5),
('b0000001-0000-0000-0000-000000000006', '10000001-0000-0000-0000-000000000001', 'a0000001-0000-0000-0000-000000000003', 'Tinte Wella Koleston 8/3', 'Rubio dorado 60ml', 'WL-8/3', 'unidad', 350, 800, 10),
('b0000001-0000-0000-0000-000000000007', '10000001-0000-0000-0000-000000000001', 'a0000001-0000-0000-0000-000000000003', 'Polvo Decolorante Blondor', 'Polvo decolorante 500g', 'BLD-500', 'unidad', 900, 2000, 5),
('b0000001-0000-0000-0000-000000000008', '10000001-0000-0000-0000-000000000001', 'a0000001-0000-0000-0000-000000000004', 'Esmalte Gelish Base Coat', 'Base coat para semipermanente', 'GL-BASE', 'unidad', 300, 650, 8),
('b0000001-0000-0000-0000-000000000009', '10000001-0000-0000-0000-000000000001', 'a0000001-0000-0000-0000-000000000004', 'Polvo Acrílico Clear', 'Polvo acrílico transparente 200g', 'ACR-CLR-200', 'unidad', 600, 1400, 4),
('b0000002-0000-0000-0000-000000000001', '10000002-0000-0000-0000-000000000001', 'a0000002-0000-0000-0000-000000000001', 'Pomada Classic Matt', 'Pomada mate fijación fuerte', 'CLS-MATT', 'unidad', 450, 900, 10),
('b0000002-0000-0000-0000-000000000002', '10000002-0000-0000-0000-000000000001', 'a0000002-0000-0000-0000-000000000001', 'Cera Moldeadora Fibra', 'Cera con fibra para textura', 'FIB-WAX', 'unidad', 380, 800, 10),
('b0000002-0000-0000-0000-000000000003', '10000002-0000-0000-0000-000000000001', 'a0000002-0000-0000-0000-000000000002', 'Crema de Afeitar Proraso', 'Crema de afeitar clásica 150ml', 'PRS-CRM', 'unidad', 520, 1100, 8),
('b0000002-0000-0000-0000-000000000004', '10000002-0000-0000-0000-000000000001', 'a0000002-0000-0000-0000-000000000002', 'After-Shave Bálsamo Proraso', 'Bálsamo hidratante post-afeitado', 'PRS-AFT', 'unidad', 480, 1000, 8),
('b0000002-0000-0000-0000-000000000005', '10000002-0000-0000-0000-000000000001', 'a0000002-0000-0000-0000-000000000002', 'Cuchillas Feather (10u)', 'Cuchillas de afeitar profesionales', 'FTH-B10', 'caja', 600, 1200, 15),
('b0000002-0000-0000-0000-000000000006', '10000002-0000-0000-0000-000000000001', 'a0000002-0000-0000-0000-000000000003', 'Shampoo Anticaspa Head & Shoulders', 'Shampoo medicinal 400ml', 'H&S-400', 'botella', 350, 700, 12),
('b0000002-0000-0000-0000-000000000007', '10000002-0000-0000-0000-000000000001', 'a0000002-0000-0000-0000-000000000003', 'Tónico Capilar Regenfar', 'Tónico anti-caída 200ml', 'RGF-TON', 'botella', 900, 1800, 5)
on conflict do nothing;

-- ============================================================
-- 17. VARIANTES DE PRODUCTOS
-- ============================================================
insert into public.product_variants (id, product_id, name, sku, unit_cost, unit_price)
values
('c0000001-0000-0000-0000-000000000001', 'b0000001-0000-0000-0000-000000000001', '250ml', 'KER-NUT-250', 850, 1800),
('c0000001-0000-0000-0000-000000000002', 'b0000001-0000-0000-0000-000000000001', '500ml', 'KER-NUT-500', 1500, 3200),
('c0000001-0000-0000-0000-000000000003', 'b0000001-0000-0000-0000-000000000002', '250ml', 'RDK-EXT-250', 720, 1500),
('c0000001-0000-0000-0000-000000000004', 'b0000001-0000-0000-0000-000000000002', '1000ml', 'RDK-EXT-1L', 2200, 4500),
('c0000002-0000-0000-0000-000000000001', 'b0000002-0000-0000-0000-000000000001', '50g', 'CLS-MATT-50', 450, 900),
('c0000002-0000-0000-0000-000000000002', 'b0000002-0000-0000-0000-000000000001', '100g', 'CLS-MATT-100', 750, 1500)
on conflict do nothing;

-- ============================================================
-- 18. LOCACIONES DE INVENTARIO
-- ============================================================
insert into public.inventory_locations (id, business_id, name, is_default)
values
('d0000001-0000-0000-0000-000000000001', '10000001-0000-0000-0000-000000000001', 'Vitrina Principal', true),
('d0000001-0000-0000-0000-000000000002', '10000001-0000-0000-0000-000000000001', 'Almacén Trastienda', false),
('d0000002-0000-0000-0000-000000000001', '10000002-0000-0000-0000-000000000001', 'Mostrador', true),
('d0000002-0000-0000-0000-000000000002', '10000002-0000-0000-0000-000000000001', 'Bodega', false)
on conflict do nothing;

-- ============================================================
-- 19. STOCK
-- ============================================================
insert into public.inventory_stock (id, business_id, location_id, product_id, variant_id, quantity)
values
('e0000001-0000-0000-0000-000000000001', '10000001-0000-0000-0000-000000000001', 'd0000001-0000-0000-0000-000000000001', 'b0000001-0000-0000-0000-000000000001', 'c0000001-0000-0000-0000-000000000001', 12),
('e0000001-0000-0000-0000-000000000002', '10000001-0000-0000-0000-000000000001', 'd0000001-0000-0000-0000-000000000001', 'b0000001-0000-0000-0000-000000000001', 'c0000001-0000-0000-0000-000000000002', 6),
('e0000001-0000-0000-0000-000000000003', '10000001-0000-0000-0000-000000000001', 'd0000001-0000-0000-0000-000000000001', 'b0000001-0000-0000-0000-000000000002', 'c0000001-0000-0000-0000-000000000003', 8),
('e0000001-0000-0000-0000-000000000004', '10000001-0000-0000-0000-000000000001', 'd0000001-0000-0000-0000-000000000001', 'b0000001-0000-0000-0000-000000000003', NULL, 5),
('e0000001-0000-0000-0000-000000000005', '10000001-0000-0000-0000-000000000001', 'd0000001-0000-0000-0000-000000000001', 'b0000001-0000-0000-0000-000000000004', NULL, 3),
('e0000001-0000-0000-0000-000000000006', '10000001-0000-0000-0000-000000000001', 'd0000001-0000-0000-0000-000000000001', 'b0000001-0000-0000-0000-000000000005', NULL, 10),
('e0000001-0000-0000-0000-000000000007', '10000001-0000-0000-0000-000000000001', 'd0000001-0000-0000-0000-000000000001', 'b0000001-0000-0000-0000-000000000006', NULL, 25),
('e0000001-0000-0000-0000-000000000008', '10000001-0000-0000-0000-000000000001', 'd0000001-0000-0000-0000-000000000001', 'b0000001-0000-0000-0000-000000000007', NULL, 8),
('e0000001-0000-0000-0000-000000000009', '10000001-0000-0000-0000-000000000001', 'd0000001-0000-0000-0000-000000000001', 'b0000001-0000-0000-0000-000000000008', NULL, 15),
('e0000001-0000-0000-0000-00000000000a', '10000001-0000-0000-0000-000000000001', 'd0000001-0000-0000-0000-000000000001', 'b0000001-0000-0000-0000-000000000009', NULL, 4),
('e0000001-0000-0000-0000-00000000000b', '10000001-0000-0000-0000-000000000001', 'd0000001-0000-0000-0000-000000000002', 'b0000001-0000-0000-0000-000000000001', 'c0000001-0000-0000-0000-000000000001', 20),
('e0000001-0000-0000-0000-00000000000c', '10000001-0000-0000-0000-000000000001', 'd0000001-0000-0000-0000-000000000002', 'b0000001-0000-0000-0000-000000000006', NULL, 40),
('e0000002-0000-0000-0000-000000000001', '10000002-0000-0000-0000-000000000001', 'd0000002-0000-0000-0000-000000000001', 'b0000002-0000-0000-0000-000000000001', 'c0000002-0000-0000-0000-000000000001', 15),
('e0000002-0000-0000-0000-000000000002', '10000002-0000-0000-0000-000000000001', 'd0000002-0000-0000-0000-000000000001', 'b0000002-0000-0000-0000-000000000001', 'c0000002-0000-0000-0000-000000000002', 8),
('e0000002-0000-0000-0000-000000000003', '10000002-0000-0000-0000-000000000001', 'd0000002-0000-0000-0000-000000000001', 'b0000002-0000-0000-0000-000000000002', NULL, 12),
('e0000002-0000-0000-0000-000000000004', '10000002-0000-0000-0000-000000000001', 'd0000002-0000-0000-0000-000000000001', 'b0000002-0000-0000-0000-000000000003', NULL, 10),
('e0000002-0000-0000-0000-000000000005', '10000002-0000-0000-0000-000000000001', 'd0000002-0000-0000-0000-000000000001', 'b0000002-0000-0000-0000-000000000004', NULL, 10),
('e0000002-0000-0000-0000-000000000006', '10000002-0000-0000-0000-000000000001', 'd0000002-0000-0000-0000-000000000001', 'b0000002-0000-0000-0000-000000000005', NULL, 25),
('e0000002-0000-0000-0000-000000000007', '10000002-0000-0000-0000-000000000001', 'd0000002-0000-0000-0000-000000000001', 'b0000002-0000-0000-0000-000000000006', NULL, 20),
('e0000002-0000-0000-0000-000000000008', '10000002-0000-0000-0000-000000000001', 'd0000002-0000-0000-0000-000000000001', 'b0000002-0000-0000-0000-000000000007', NULL, 7),
('e0000002-0000-0000-0000-000000000009', '10000002-0000-0000-0000-000000000001', 'd0000002-0000-0000-0000-000000000002', 'b0000002-0000-0000-0000-000000000005', NULL, 50)
on conflict do nothing;

-- ============================================================
-- 20. MOVIMIENTOS DE INVENTARIO
-- ============================================================
insert into public.inventory_movements (id, business_id, location_id, product_id, variant_id, movement_type, quantity, unit_cost, notes)
values
('f0000001-0000-0000-0000-000000000001', '10000001-0000-0000-0000-000000000001', 'd0000001-0000-0000-0000-000000000001', 'b0000001-0000-0000-0000-000000000001', 'c0000001-0000-0000-0000-000000000001', 'purchase', 12, 850, 'Compra inicial Kérastase 250ml'),
('f0000001-0000-0000-0000-000000000002', '10000001-0000-0000-0000-000000000001', 'd0000001-0000-0000-0000-000000000001', 'b0000001-0000-0000-0000-000000000001', 'c0000001-0000-0000-0000-000000000002', 'purchase', 6, 1500, 'Compra inicial Kérastase 500ml'),
('f0000001-0000-0000-0000-000000000003', '10000001-0000-0000-0000-000000000001', 'd0000001-0000-0000-0000-000000000001', 'b0000001-0000-0000-0000-000000000006', NULL, 'purchase', 30, 350, 'Compra inicial Tinte Wella'),
('f0000001-0000-0000-0000-000000000004', '10000001-0000-0000-0000-000000000001', 'd0000001-0000-0000-0000-000000000001', 'b0000001-0000-0000-0000-000000000003', NULL, 'purchase', 8, 1200, 'Compra inicial Moroccanoil'),
('f0000001-0000-0000-0000-000000000005', '10000001-0000-0000-0000-000000000001', 'd0000001-0000-0000-0000-000000000001', 'b0000001-0000-0000-0000-000000000006', NULL, 'sale', -5, 350, 'Venta al cliente Ana Martínez'),
('f0000001-0000-0000-0000-000000000006', '10000001-0000-0000-0000-000000000001', 'd0000001-0000-0000-0000-000000000001', 'b0000001-0000-0000-0000-000000000001', 'c0000001-0000-0000-0000-000000000001', 'sale', -2, 850, 'Venta al cliente Carolina'),
('f0000002-0000-0000-0000-000000000001', '10000002-0000-0000-0000-000000000001', 'd0000002-0000-0000-0000-000000000001', 'b0000002-0000-0000-0000-000000000001', 'c0000002-0000-0000-0000-000000000001', 'purchase', 20, 450, 'Compra inicial Pomada Matt 50g'),
('f0000002-0000-0000-0000-000000000002', '10000002-0000-0000-0000-000000000001', 'd0000002-0000-0000-0000-000000000001', 'b0000002-0000-0000-0000-000000000005', NULL, 'purchase', 30, 600, 'Compra inicial Cuchillas Feather'),
('f0000002-0000-0000-0000-000000000003', '10000002-0000-0000-0000-000000000001', 'd0000002-0000-0000-0000-000000000001', 'b0000002-0000-0000-0000-000000000003', NULL, 'purchase', 12, 520, 'Compra inicial Crema Proraso'),
('f0000002-0000-0000-0000-000000000004', '10000002-0000-0000-0000-000000000001', 'd0000002-0000-0000-0000-000000000001', 'b0000002-0000-0000-0000-000000000001', 'c0000002-0000-0000-0000-000000000001', 'sale', -5, 450, 'Venta al cliente Miguel Torres')
on conflict do nothing;

-- =============================================================================
-- VERIFICACIÓN
-- =============================================================================
select 'RESUMEN DE DATOS CARGADOS:' as mensaje;
select 'businesses', count(*) from public.businesses
union all select 'profiles', count(*) from public.profiles
union all select 'employee_schedules', count(*) from public.employee_schedules
union all select 'service_categories', count(*) from public.service_categories
union all select 'services', count(*) from public.services
union all select 'service_variants', count(*) from public.service_variants
union all select 'employee_services', count(*) from public.employee_services
union all select 'clients', count(*) from public.clients
union all select 'client_preferred_services', count(*) from public.client_preferred_services
union all select 'appointments', count(*) from public.appointments
union all select 'transactions', count(*) from public.transactions
union all select 'expenses', count(*) from public.expenses
union all select 'employee_absences', count(*) from public.employee_absences
union all select 'product_categories', count(*) from public.product_categories
union all select 'products', count(*) from public.products
union all select 'product_variants', count(*) from public.product_variants
union all select 'inventory_locations', count(*) from public.inventory_locations
union all select 'inventory_stock', count(*) from public.inventory_stock
union all select 'inventory_movements', count(*) from public.inventory_movements
order by 1;
